คำถาม,คำตอบ,หน้า,ประเภท
ราศีของผู้ที่เกิดวันที่ 06/07/1980 เวลา 20:00 น. คืออะไร?,ราศีของผู้ที่เกิดในวันดังกล่าวคือราศีกรกฎ.,1,text
การใช้วันเกิดและเวลาเกิดในการทำนายดวงชะตาทำอย่างไร?,การใช้วันเกิดและเวลาเกิดในการทำนายดวงชะตานั้นสำคัญมากเพราะมันจะช่วยให้การคำนวณดวงชะตาเป็นไปอย่างแม่นยำ.,1,text
ราศีของผู้ที่เกิดวันที่ 22/09/1974 เวลา 04:30 น. คืออะไร?,ราศีของผู้ที่เกิดวันที่ 22/09/1974 คือราศีตุล.,1,text
การคำนวณดวงชะตาจากวันเกิด 01/11/1986 เวลา 13:00 น. ทำอย่างไร?,การคำนวณดวงชะตาจากวันเกิดจะต้องใช้วันเกิดและเวลาเกิดเพื่อสร้างแผนที่ดวงชะตา.,1,text
ราศีของผู้ที่เกิดวันที่ 02/04/1965 เวลา 07:30 น. คืออะไร?,ราศีของผู้ที่เกิดวันที่ 02/04/1965 คือราศีเมษ,2,text
การคำนวณดวงชะตาจากวันเกิด 22/09/1955 เวลา 21:15 น. ทำอย่างไร?,การคำนวณดวงชะตาจากวันเกิดและเวลาเกิดจะใช้ข้อมูลวันเกิดและเวลาเกิดในการคำนวณ,2,text
การคำนวณดวงชะตาจากวันเกิด 20/03/1960 เวลา 13:45 น. ทำอย่างไร?,การคำนวณดวงชะตาจากวันเกิดและเวลาเกิดจะต้องใช้การวิเคราะห์ตำแหน่งของดาวและดวงดาว.,3,text
การคำนวณดวงชะตาจากวันเกิด 09/02/1950 เวลา 13:30 น. ทำอย่างไร?,การคำนวณดวงชะตาจะใช้วันเกิดและเวลาเกิดในการวิเคราะห์บ้านทั้ง 12 บ้านและตำแหน่งของดาวเคราะห์ในขณะนั้น.,5,text
ผู้ที่เกิดวันที่ 09/07/1969 เวลา 14:45 น. มีราศีอะไรและมีลักษณะนิสัยอย่างไร?,ราศีของผู้ที่เกิดในวันดังกล่าวจะต้องคำนวณจากวันเกิดดังกล่าว.,5,text
ราศีของผู้ที่เกิดวันที่ 08/02/1994 เวลา 04:00 น. คืออะไร?,ผู้ที่เกิดวันที่ 08/02/1994 จะอยู่ในราศีกุมภ์,6,text
การคำนวณดวงชะตาจากวันเกิด 12/12/1984 เวลา 01:45 น. ทำอย่างไร?,การคำนวณดวงชะตาจะใช้วันเกิดและเวลาเกิดเพื่อกำหนดบ้านทั้ง 12 บ้านในดวงชะตา,6,text
ราศีของผู้ที่เกิดวันที่ 30/08/1951 เวลา 07:00 น. คืออะไร?,ราศีของผู้ที่เกิดในวันที่ 30/08 คือราศีสิงห์,7,text
การคำนวณลัคณาจากวันเกิด 10/12/1974 เวลา 07:15 น. ทำอย่างไร?,การคำนวณลัคณาขึ้นอยู่กับตำแหน่งของราศีที่อยู่บนขอบฟ้าในขณะเกิด,7,text
ราศีของผู้ที่เกิดวันที่ 19/05/1971 เวลา 12:15 น. คืออะไร?,ราศีพฤษภ,8,text
การคำนวณดวงชะตาจากวันเกิด 24/11/1981 เวลา 00:45 น. ทำอย่างไร?,การคำนวณดวงชะตาต้องใช้วันเกิดและเวลาเกิดในการคำนวณ,8,text
การคำนวณดวงชะตาจากวันเกิด 19/07/1966 เวลา 21:45 น. ทำอย่างไร?,การคำนวณดวงชะตาจากวันเกิดและเวลาเกิดรวมถึงการใช้บ้านทั้ง 12 บ้านในการตีความ,9,text
ราศีของผู้ที่เกิดวันที่ 16/02/1981 เวลา 17:30 น. คืออะไร?,ผู้ที่เกิดวันที่ 16/02/1981 จะมีราศีประจำวันเกิดคือราศีกุมภ์,9,text
ลัคณาของผู้เกิดวันที่ 24/06/2000 เวลา 12:15 น. คืออะไร?,การคำนวณลัคณาจะต้องใช้วันเกิดและเวลาเกิดในการคำนวณ,9,text
ราศีของผู้ที่เกิดวันที่ 13/11/1959 เวลา 21:00 น. คืออะไร?,ราศีของผู้ที่เกิดในวันดังกล่าวคือราศีมีน.,10,text
การคำนวณลัคณาของผู้เกิดวันที่ 05/09/1975 เวลา 07:45 น. ทำอย่างไร?,การคำนวณลัคณาจะใช้เวลาเกิดและวันเกิดเป็นหลักในการคำนวณ.,10,text
การคำนวณดวงชะตาจากวันเกิด 09/08/1962 เวลา 09:30 น. ทำอย่างไร?,การคำนวณดวงชะตาจะใช้วันเกิดและเวลาเกิดในการคำนวณบ้านทั้ง 12 บ้าน.,11,text
ผู้เกิดวันที่ 26/05/1955 เวลา 17:45 น. มีลักษณะนิสัยอย่างไร?,การทำนายดวงชะตาจากวันเกิดและเวลาเกิดจะช่วยในการตีความลักษณะนิสัย.,11,text
การคำนวณดวงชะตาจากวันเกิด 10/11/1950 เวลา 04:00 น. ทำอย่างไร?,การคำนวณดวงชะตาในยุคกลางมีการใช้เวทมนตร์รูปแบบอื่นๆ ควบคู่ไปด้วย,12,text
ลัคณาของผู้เกิดวันที่ 12/07/1960 เวลา 10:00 น. คืออะไร?,ลัคณาเป็นส่วนสำคัญในการคำนวณดวงชะตา,12,text
การคำนวณดวงชะตาจากวันเกิด 30/11/1994 เวลา 13:30 น. ทำอย่างไร?,การคำนวณดวงชะตาจากวันเกิดและเวลาเกิดนั้นจะเกี่ยวข้องกับการพิจารณาบ้านทั้ง 12 บ้านในดวงชะตา,13,text
ผู้เกิดวันที่ 17/10/1971 เวลา 17:15 น. มีลักษณะนิสัยอย่างไร?,ลักษณะนิสัยของผู้ที่เกิดในแต่ละราศีจะถูกกำหนดโดยราศีที่ตรงกับวันเกิดของเขา,13,text
ผู้ที่เกิดวันที่ 13/10/1955 เวลา 01:45 น. มีราศีอะไร?,ตามวันเกิด 13/10/1955 ราศีของคุณคือราศีตุล.,13,text
การคำนวณราศีจากวันเกิด 22/11/1953 เวลา 08:45 น. ทำอย่างไร?,การคำนวณราศีจากวันเกิดจะดูจากวันที่เกิดในปฏิทิน ซึ่งในการคำนวณจะกำหนดช่วงวันที่ของแต่ละราศีไว้,14,text
ลัคณาของผู้เกิดวันที่ 18/09/1963 เวลา 11:30 น. คืออะไร?,ลัคณาคือการคำนวณตำแหน่งของดาวบนฟากฟ้าในช่วงเวลาที่เราเกิด ซึ่งต้องใช้วันและเวลาเกิดในการคำนวณ,14,text
ผู้ที่เกิดวันที่ 22/01/1951 เวลา 05:45 น. มีราศีอะไร?,ราศีของผู้ที่เกิดวันที่ 22/01/1951 เวลา 05:45 น. คือราศีกุมภ์,15,text
ลัคณาของผู้เกิดวันที่ 07/04/1996 เวลา 18:15 น. คืออะไร?,ลัคณาของผู้เกิดวันที่ 07/04/1996 เวลา 18:15 น. คือราศีตุล,15,text
การคำนวณดวงชะตาจากวันเกิด 08/12/1986 เวลา 09:30 น. ทำอย่างไร?,การคำนวณดวงชะตาจะต้องใช้วันเกิดและเวลาเกิดในการกำหนดตำแหน่งของดาวเคราะห์ในบ้านทั้ง 12 บ้าน.,16,text
ลัคณาของผู้เกิดวันที่ 06/07/2003 เวลา 21:00 น. คืออะไร?,ลัคณาคือราศีที่ขึ้นในช่วงเวลาที่เกิดของแต่ละบุคคล ซึ่งคำนวณจากวันเกิดและเวลาเกิด.,16,text
การทำนายดวงชะตาจากวันเกิด 30/08/1964 เวลา 10:00 น. ทำอย่างไร?,ดวงชะตาได้ทำนายเหตุการณ์ไม่พึงประสงค์แก่เจ้าหญิงแมรี ซึ่งแม้จะพยายามแก้ต่าง แต่ต้องระมัดระวังตลอดรัชสมัย เมื่อเจ้าหญิงอลิซาเบธขึ้นครองราชย์ เขากลายเป็นที่ปรึกษาในเรื่องวิทยาศาสตร์ แต่ชีวิตของเขายังเต็มไปด้วยความยากลำบากและสิ้นชีวิตอย่างมีข้อสงสัยในปี ค.ศ. 1608.,17,text
ลัคณาของผู้เกิดวันที่ 28/07/1972 เวลา 12:15 น. คืออะไร?,ดวงชะตาได้ทำนายเหตุการณ์ไม่พึงประสงค์แก่เจ้าหญิงแมรี ซึ่งแม้จะพยายามแก้ต่าง แต่ต้องระมัดระวังตลอดรัชสมัย เมื่อเจ้าหญิงอลิซาเบธขึ้นครองราชย์ เขากลายเป็นที่ปรึกษาในเรื่องวิทยาศาสตร์ แต่ชีวิตของเขายังเต็มไปด้วยความยากลำบากและสิ้นชีวิตอย่างมีข้อสงสัยในปี ค.ศ. 1608.,17,text
ราศีของผู้ที่เกิดวันที่ 22/08/1997 เวลา 06:45 น. คืออะไร?,ราศีประจำวันเกิด 22/08/1997 คือราศีกันย์,18,text
การคำนวณดวงชะตาจากวันเกิด 20/04/1981 เวลา 13:00 น. ทำอย่างไร?,การคำนวณดวงชะตาจากวันเกิดจะใช้วันเกิดและเวลาเกิดในการวิเคราะห์,18,text
การคำนวณดวงชะตาจากวันเกิด 28/11/1988 เวลา 03:30 น. ทำอย่างไร?,การคำนวณดวงชะตาใช้วันเกิดและเวลาเกิดในการวิเคราะห์ข้อมูลทางดาราศาสตร์ เพื่อให้ได้ผลลัพธ์ที่แม่นยำมากขึ้น,18,text
วันเกิด 13/04/1951 เวลา 17:15 น. ตรงกับราศีอะไร?,การคำนวณราศีจากวันเกิดจะใช้วันที่และเดือนในการกำหนดราศีที่ตรงกัน,18,text
การคำนวณดวงชะตาจากวันเกิด 31/05/1991 เวลา 21:45 น. ทำอย่างไร?,การคำนวณดวงชะตาจะใช้วันเกิดและเวลาเกิดในการคำนวณเพื่อให้สามารถวิเคราะห์บ้านทั้ง 12 บ้านได้อย่างถูกต้อง.,18,text
ผู้ที่เกิดวันที่ 09/05/1972 เวลา 02:30 น. มีลัคณาอะไร?,ลัคณาคือสิ่งที่สำคัญในการคำนวณดวงชะตา ซึ่งต้องใช้เวลาเกิดในการคำนวณลัคณา.,18,text
ผู้ที่เกิดวันที่ 16/06/1982 เวลา 09:00 น. มีราศีอะไร?,ราศีของผู้ที่เกิดวันที่ 16/06/1982 คือราศีเมถุน,19,text
การคำนวณดวงชะตาจากวันเกิด 28/11/1989 เวลา 09:30 น. ทำอย่างไร?,การคำนวณดวงชะตาใช้วันเกิดและเวลาเกิดในการวิเคราะห์,19,text
การคำนวณดวงชะตาจากวันเกิด 12/09/1996 เวลา 06:30 น. ทำอย่างไร?,การคำนวณดวงชะตาจากวันเกิดและเวลาเกิดจะใช้ข้อมูลเพื่อสร้างแผนที่ดวงชะตา ซึ่งจะมีการคำนวณบ้านทั้ง 12 บ้านตามตำแหน่งของดาวเคราะห์ในช่วงเวลานั้น,20,text
ลัคณาของผู้เกิดวันที่ 23/06/1952 เวลา 20:30 น. คืออะไร?,ลัคณาคือราศีที่อยู่ในตำแหน่งขึ้นเมื่อเวลาที่เกิดของบุคคลนั้น ซึ่งจะมีการคำนวณจากวันเกิดและเวลาเกิดเพื่อให้ได้ลัคณาที่ถูกต้อง,20,text
การคำนวณดวงชะตาจากวันเกิด 22/05/1969 เวลา 03:45 น. ทำอย่างไร?,"การคำนวณดวงชะตาจากวันเกิดและเวลาเกิดจะรวมถึงการพิจารณาราศี, ลัคณา และบ้านทั้ง 12 บ้าน.",21,text
ลัคณาของผู้เกิดวันที่ 27/12/1980 เวลา 03:45 น. คืออะไร?,"ลัคณาจะถูกคำนวณจากวันเกิดและเวลาเกิด, ซึ่งมีความสำคัญในการตีความดวงชะตา.",21,text
ลัคณาคืออะไรและคำนวณอย่างไร?,ลัคณาเป็นจุดที่สำคัญในการคำนวณดวงชะตา โดยต้องใช้วันเกิดและเวลาเกิดในการคำนวณ,21,text
วันเกิด 24/04/2004 เวลา 16:45 น. ตรงกับราศีอะไร?,ราศีของผู้ที่เกิดวันที่ 24/04/2004 คือราศีพฤษภ,22,text
การคำนวณลัคณาของผู้ที่เกิดวันที่ 09/07/1961 เวลา 16:45 น. ทำได้อย่างไร?,การคำนวณลัคณาต้องใช้วันเกิดและเวลาเกิดเป็นข้อมูลพื้นฐาน,22,text
ราศีของผู้ที่เกิดวันที่ 26/02/1981 เวลา 12:15 น. คืออะไร?,ผู้ที่เกิดวันที่ 26/02/1981 จะอยู่ในราศีมีน,23,text
ลัคณาของผู้เกิดวันที่ 07/01/2004 เวลา 13:00 น. คืออะไร?,ลัคณาคือจุดที่ขึ้นในขณะเกิด โดยขึ้นอยู่กับวันที่และเวลาเกิด,23,text
ราศีของผู้ที่เกิดวันที่ 21/02/1968 เวลา 20:00 น. คืออะไร?,จากวันเกิด 21/02/1968 ราศีของผู้ที่เกิดในวันนั้นคือราศีมีน.,24,text
การคำนวณดวงชะตาจากวันเกิด 10/03/1985 เวลา 16:30 น. ทำอย่างไร?,การคำนวณดวงชะตาจะใช้วันเกิดและเวลาเกิดร่วมกันในการพิจารณา.,24,text
ราศีของผู้ที่เกิดวันที่ 04/06/1962 เวลา 21:15 น. คืออะไร?,ผู้ที่เกิดวันที่ 04/06/1962 จะมีราศีเป็นมิถุน.,24,text
ลัคณาของผู้เกิดวันที่ 22/03/1971 เวลา 05:00 น. คืออะไร?,ลัคณาเป็นสิ่งสำคัญในการคำนวณดวงชะตาจากวันเกิดและเวลาเกิด.,24,text
วันเกิด 05/11/1964 เวลา 04:00 น. ตรงกับราศีอะไร?,ราศีของผู้ที่เกิดวันที่ 05/11/1964 คือราศีตุล.,24,text
การคำนวณลัคณาจากวันเกิด 20/03/2010 เวลา 16:00 น. เป็นอย่างไร?,การคำนวณลัคณา (Ascendant) ต้องใช้วันเกิดและเวลาที่แน่นอนของการเกิด.,24,text
ราศีของผู้ที่เกิดวันที่ 13/09/1995 เวลา 02:15 น. คืออะไร?,โหราศาสตร์เป็นวิชาที่ช่วยให้เราเข้าใจแนวโน้มในชีวิต แต่ไม่สามารถทำนายเหตุการณ์ที่เกิดขึ้นในแต่ละวันได้.,25,text
ราศีของผู้ที่เกิดวันที่ 02/10/1957 เวลา 19:00 น. คืออะไร?,ราศีและสัญลักษณ์ที่ใช้เป็นเครื่องมือในการทำนายดวงชะตาและลักษณะนิสัยของบุคคลตามวันเกิด.,26,text
การคำนวณดวงชะตาจากวันเกิด 03/11/1979 เวลา 17:45 น. ทำอย่างไร?,การศึกษาเรื่องราศีช่วยให้เข้าใจตัวเองและผู้อื่นได้ดียิ่งขึ้น.,26,text
ราศีของผู้ที่เกิดวันที่ 30/06/1995 เวลา 05:45 น. คืออะไร?,ราศีของผู้ที่เกิดในวันที่ 30/06 คือ ราศีกรกฎ,26,text
การคำนวณลัคณาจากวันเกิด 20/08/1973 เวลา 02:45 น. ต้องทำอย่างไร?,การคำนวณลัคณา (Ascendant) ต้องใช้วันเกิดและเวลาเกิดเพื่อหาตำแหน่งของดวงดาวในขณะเกิด,26,text
ราศีของผู้ที่เกิดวันที่ 10/03/1956 เวลา 00:15 น. คืออะไร?,ราศีของผู้ที่เกิดในวันที่ 10/03 คือราศีมีน,26,text
การคำนวณดวงชะตาจากวันเกิด 22/08/1999 เวลา 18:45 น. ทำอย่างไร?,การคำนวณดวงชะตาใช้วันเกิดและเวลาเกิดในการกำหนดบ้านทั้ง 12 บ้าน,26,text
ราศีของผู้ที่เกิดวันที่ 26/10/1970 เวลา 03:30 น. คืออะไร?,ราศีของผู้ที่เกิดในวันที่ 26/10/1970 คือราศีพิจิก,26,text
การคำนวณลัคณาของผู้เกิดวันที่ 04/11/1989 เวลา 07:00 น. ทำอย่างไร?,การคำนวณลัคณามักจะใช้วันเกิดและเวลาเกิดเพื่อตีความตำแหน่งของดาวในดวงชะตา,26,text
ราศีของผู้ที่เกิดวันที่ 31/01/1986 เวลา 08:45 น. คืออะไร?,ผู้ที่เกิดในวันที่ 31/01/1986 มีราศีคือราศีกุมภ์ (Aquarius),26,text
ผู้ที่เกิดวันที่ 20/08/2005 เวลา 21:15 น. มีลักษณะนิสัยอย่างไร?,ผู้ที่เกิดในราศีนี้มักมีความสมดุลและใส่ใจในความสัมพันธ์,26,text
ผู้ที่เกิดวันที่ 21/01/1953 เวลา 20:45 น. มีลักษณะนิสัยอย่างไร?,ผู้ที่เกิดในราศีพฤษภมักมีความมั่นคงและรักความสบาย.,26,text
การคำนวณดวงชะตาจากวันเกิด 12/06/1996 เวลา 10:30 น. ทำอย่างไร?,การคำนวณดวงชะตาจะใช้วันเกิดและเวลาเกิดในการสร้างดวงชะตาทั้ง 12 บ้าน.,26,text
ผู้ที่เกิดวันที่ 24/05/1959 เวลา 04:45 น. มีราศีอะไร?,ผู้ที่เกิดวันที่ 24/05/1959 เวลา 04:45 น. มีราศีมิถุน (Gemini).,26,text
การคำนวณดวงชะตาจากวันเกิด 11/11/1983 เวลา 13:30 น. ทำอย่างไร?,การคำนวณดวงชะตาจากวันเกิดจะต้องใช้วันเกิดและเวลาเกิดในการพิจารณา.,26,text
ราศีของผู้ที่เกิดวันที่ 17/07/1963 เวลา 16:00 น. คืออะไร?,ผู้ที่เกิดในวันที่ 17/07/1963 จะมีราศีกรกฎ (Cancer) ซึ่งมีลักษณะอ่อนโยนและอารมณ์อ่อนไหว.,26,text
ผู้ที่เกิดวันที่ 03/02/1952 เวลา 15:15 น. มีราศีอะไรและมีลักษณะนิสัยอย่างไร?,ผู้ที่เกิดในวันที่ 03/02/1952 จะมีราศีกุมภ์ (Aquarius) ซึ่งมีลักษณะเป็นคนคิดสร้างสรรค์และเป็นอิสระ.,26,text
วันเกิด 13/02/1967 เวลา 03:30 น. มีราศีอะไร?,ผู้เกิดวันที่ 13/02/1967 จะมีราศีอยู่ในช่วงของราศีกุมภ์ (Aquarius).,27,text
การคำนวณลัคณาจากวันเกิด 22/06/1993 เวลา 02:30 น. ทำอย่างไร?,เวลาที่แน่นอนในการเกิดมีความสำคัญในการคำนวณลัคณา (Ascendant).,27,text
การคำนวณดวงชะตาจากวันเกิด 02/03/1959 เวลา 22:30 น. ทำอย่างไร?,การคำนวณดวงชะตาจากวันเกิดและเวลาเกิดจะต้องพิจารณาหลายปัจจัย เช่น ราศี ลัคณา และบ้านทั้ง 12 บ้าน,27,text
ผู้ที่เกิดวันที่ 19/09/1978 เวลา 06:45 น. มีราศีอะไรและมีลักษณะนิสัยอย่างไร?,ผู้ที่เกิดในราศีกันย์ (Virgo) จะมีความละเอียดรอบคอบและรักในการวางแผน,27,text
ราศีของผู้ที่เกิดวันที่ 14/10/2010 เวลา 21:45 น. คืออะไร?,ราศีของผู้ที่เกิดวันที่ 14/10/2010 คือราศีตุล.,27,text
การคำนวณดวงชะตาจากวันเกิด 04/01/2003 เวลา 03:00 น. ทำอย่างไร?,การคำนวณดวงชะตาจะใช้วันเกิดและเวลาเกิดในการกำหนดตำแหน่งของดาวเคราะห์ในบ้านทั้ง 12 บ้าน.,27,text
ราศีของผู้ที่เกิดวันที่ 19/05/1982 เวลา 05:30 น. คืออะไร?,ผู้ที่เกิดวันที่ 19/05/1982 เวลา 05:30 น. มีราศีเป็นราศีพฤษภ,27,text
การคำนวณลัคณาของผู้เกิดวันที่ 21/11/1966 เวลา 04:30 น. ทำอย่างไร?,ลัคณาคือการคำนวณที่ใช้เวลาเกิดเพื่อหาตำแหน่งราศีที่ขึ้นในขณะเกิด,27,text
ราศีของผู้ที่เกิดวันที่ 05/01/1972 เวลา 04:00 น. คืออะไร?,ผู้ที่เกิดวันที่ 05/01/1972 เวลา 04:00 น. มีราศีมังกร,30,image
การคำนวณลัคณาของผู้เกิดวันที่ 26/05/2004 เวลา 20:45 น. ทำอย่างไร?,การคำนวณลัคณาจะต้องใช้วันเกิดและเวลาเกิดในการประมวลผล,30,image
วันเกิด 25/08/1994 เวลา 04:30 น. มีราศีอะไร?,ราศีของผู้ที่เกิดวันที่ 25/08/1994 คือราศีกันย์,155,image
การคำนวณลัคณาของผู้เกิดวันที่ 01/06/1995 เวลา 21:30 น. ทำอย่างไร?,การคำนวณลัคณาจำเป็นต้องใช้วันเกิดและเวลาเกิดในการหาตำแหน่งของดาวเคราะห์,155,image
การคำนวณดวงชะตาจากวันเกิด 25/01/1975 เวลา 16:45 น. ทำอย่างไร?,การคำนวณดวงชะตาจะใช้วันเกิดและเวลาเกิดในการพิจารณา โดยดูจากตำแหน่งของดาวเคราะห์ในขณะเกิดและการแบ่งบ้านทั้ง 12 บ้านในดวงชะตา,156,image
ลัคณาของผู้เกิดวันที่ 08/06/2005 เวลา 01:30 น. คืออะไร?,ลัคณาคือจุดเริ่มต้นของบ้านที่หนึ่งในดวงชะตา ซึ่งคำนวณจากวันเกิดและเวลาเกิด โดยมีความสำคัญในการระบุลักษณะนิสัยและเส้นทางชีวิต,156,image
ราศีของผู้ที่เกิดวันที่ 26/08/1972 เวลา 08:30 น. คืออะไร?,ผู้ที่เกิดวันที่ 26/08/1972 เวลา 08:30 น. มีราศีเป็นกันย์,158,image
การคำนวณลัคณาจากวันเกิดและเวลาเกิดทำอย่างไร?,การคำนวณลัคณานั้นต้องใช้วันเกิดและเวลาเกิดในการหาตำแหน่งของดาวเคราะห์ในขณะเกิด,158,image
ราศีของผู้ที่เกิดวันที่ 15/12/1968 เวลา 23:15 น. คืออะไร?,ผู้ที่เกิดวันที่ 15/12/1968 ตรงกับราศีธนู,161,image
การคำนวณดวงชะตาจากวันเกิด 20/03/1983 เวลา 09:45 น. ทำอย่างไร?,การคำนวณดวงชะตาจะใช้วันเกิดและเวลาเกิดในการพิจารณา,161,image
ลัคณาของผู้เกิดวันที่ 07/12/2005 เวลา 19:45 น. คืออะไร?,ข้อมูลเกี่ยวกับลัคณาของผู้ที่เกิดวันที่ 07/12/2005 เวลา 19:45 น. ไม่สามารถสรุปได้จากเนื้อหาที่มีอยู่,162,image
ราศีของผู้ที่เกิดวันที่ 23/10/2007 เวลา 03:30 น. คืออะไร?,ข้อมูลเกี่ยวกับราศีไม่สามารถตอบได้จากเนื้อหาที่มีอยู่,167,image
การคำนวณดวงชะตาจากวันเกิด 31/12/1954 เวลา 21:30 น. ทำอย่างไร?,การคำนวณดวงชะตาจากวันเกิดและเวลาเกิดสามารถใช้ในการทำนายได้,167,image
ราศีของผู้ที่เกิดวันที่ 22/10/2010 เวลา 00:30 น. คืออะไร?,ราศีของผู้ที่เกิดวันที่ 22/10/2010 คือราศีตุล.,171,image
ผู้ที่เกิดวันที่ 14/02/1953 เวลา 20:00 น. มีลัคณาอะไร?,ลัคณาของผู้ที่เกิดวันที่ 14/02/1953 ขึ้นอยู่กับการคำนวณจากวันเกิดและเวลาเกิด.,171,image
ราศีของผู้ที่เกิดวันที่ 25/06/1999 เวลา 07:45 น. คืออะไร?,จากข้อมูลที่มีไม่ได้ระบุราศีของผู้เกิดวันที่ 25/06/1999 เวลา 07:45 น. แต่การคำนวณราศีจะขึ้นอยู่กับวันเกิดและเวลาเกิดที่ถูกต้อง.,202,image
การคำนวณดวงชะตาจากวันเกิด 15/08/1964 เวลา 18:15 น. ทำอย่างไร?,การคำนวณดวงชะตาจากวันเกิดและเวลาเกิดจะต้องใช้ข้อมูลที่แม่นยำเกี่ยวกับการเคลื่อนที่ของดาวในเวลานั้น.,202,image
ผู้ที่เกิดวันที่ 02/02/1992 เวลา 20:45 น. มีราศีอะไร?,ราศีของผู้ที่เกิดวันที่ 02/02/1992 คือราศีกุมภ์,348,image
การคำนวณลัคณาของผู้เกิดวันที่ 13/06/1966 เวลา 16:15 น. ทำอย่างไร?,การคำนวณลัคณาต้องใช้วันเกิดและเวลาเกิดในการคำนวณ,348,image
ราศีของผู้ที่เกิดวันที่ 15/09/1974 เวลา 07:45 น. คืออะไร?,ราศีของผู้ที่เกิดวันที่ 15/09 คือ ราศีกันย์ (♍),26,table
การคำนวณลัคณาของผู้เกิดวันที่ 15/07/1983 เวลา 02:00 น. ทำอย่างไร?,การคำนวณลัคณา (Ascendant) ต้องใช้วันเกิดและเวลาเกิดในการคำนวณ,26,table
ราศีของผู้ที่เกิดวันที่ 13/10/1963 เวลา 02:45 น. คืออะไร?,ผู้ที่เกิดในวันที่ 13 ตุลาคม 1963 มีราศีตุล.,27,table
ราศีของผู้ที่เกิดวันที่ 10/10/1958 เวลา 23:15 น. คืออะไร?,ราศีของผู้ที่เกิดวันที่ 10/10/1958 คือราศีตุล.,27,table
การคำนวณดวงชะตาจากวันเกิด 14/05/1976 เวลา 00:15 น. ทำอย่างไร?,การคำนวณดวงชะตาจะใช้วันเกิดและเวลาเกิดในการคำนวณบ้านทั้ง 12 บ้าน.,27,table
ราศีของผู้ที่เกิดวันที่ 19/04/1988 เวลา 10:45 น. คืออะไร?,ผู้ที่เกิดวันที่ 19/04/1988 เวลา 10:45 น. มีราศีเมษ,28,table
การคำนวณลัคณาของผู้เกิดวันที่ 03/12/2009 เวลา 08:15 น. ทำอย่างไร?,การคำนวณลัคณาจะต้องใช้วันเกิดและเวลาเกิดในการคำนวณ,28,table
ราศีของผู้ที่เกิดวันที่ 24/08/1997 เวลา 13:45 น. คืออะไร?,ราศีของผู้ที่เกิดในวันที่ 24 สิงหาคมคือราศีกันย์.,29,table
การคำนวณลัคณาจากวันเกิด 09/03/1966 เวลา 04:45 น. ทำอย่างไร?,การคำนวณลัคณาต้องใช้วันเกิดและเวลาเกิดเพื่อหาตำแหน่งของดาวเคราะห์ในขณะนั้น.,29,table
การคำนวณดวงชะตาจากวันเกิด 02/02/2001 เวลา 11:15 น. ทำอย่างไร?,การคำนวณดวงชะตาจะใช้วันเกิดและเวลาเกิดในการคำนวณ ซึ่งรวมถึงการกำหนดบ้านทั้ง 12 บ้านในดวงชะตา.,349,table
ลัคณาของผู้เกิดวันที่ 21/03/1962 เวลา 22:45 น. คืออะไร?,ลัคณาจะถูกคำนวณจากวันเกิดและเวลาเกิด เพื่อกำหนดราศีประจำลัคนา.,349,table
ราศีของผู้ที่เกิดวันที่ 11/09/2006 เวลา 05:00 น. คืออะไร?,ราศีของผู้ที่เกิดวันที่ 11/09/2006 คือราศีกันย์.,349,table
การคำนวณดวงชะตาจากวันเกิด 23/11/1951 เวลา 23:00 น. ทำอย่างไร?,การคำนวณดวงชะตาจะใช้วันเกิดและเวลาเกิดเพื่อระบุบ้านทั้ง 12 บ้าน.,349,table
การคำนวณดวงชะตาจากวันเกิด 15/08/1996 เวลา 11:30 น. ทำอย่างไร?,การคำนวณดวงชะตาใช้วันเกิดและเวลาเกิดในการคำนวณบ้านทั้ง 12 บ้าน ซึ่งต้องมีข้อมูลเกี่ยวกับวันเกิดและเวลาเกิดที่ถูกต้อง.,350,table
ลัคณาของผู้เกิดวันที่ 12/05/1971 เวลา 07:00 น. คืออะไร?,ลัคณาคือ Ascendant ซึ่งคำนวณจากวันเกิดและเวลาเกิดเป็นหลักสำคัญในการทำนาย.,350,table
ราศีของผู้ที่เกิดวันที่ 31/10/2010 เวลา 02:45 น. คืออะไร?,ราศีที่ตรงกับวันเกิด 31/10 คือราศีพิจิก,350,table
การคำนวณลัคณาของผู้เกิดวันที่ 26/01/1988 เวลา 16:00 น. ทำอย่างไร?,การคำนวณลัคณาจะใช้วันที่และเวลาการเกิดเพื่อระบุราศีประจำลัคนา,350,table
ลัคณาของผู้เกิดวันที่ 03/01/1993 เวลา 16:30 น. คืออะไร?,ลัคณาจะถูกคำนวณจากวันเกิดและเวลาเกิดเพื่อตรวจสอบราศีที่เกี่ยวข้อง,350,table
การทำนายดวงชะตาจากวันเกิด 16/01/2000 เวลา 18:15 น. ทำอย่างไร?,การใช้วันเกิดและเวลาเกิดในการทำนายจะช่วยให้เราเข้าใจดวงชะตาและพฤติกรรมของบุคคลได้ดีขึ้น.,357,table
ลัคณาของผู้เกิดวันที่ 28/06/1999 เวลา 06:15 น. คืออะไร?,ลัคณาคือจุดเริ่มต้นของบ้านที่หนึ่งในดวงชะตา ซึ่งคำนวณจากวันเกิดและเวลาเกิด.,357,table
ผู้ที่เกิดวันที่ 14/03/1990 เวลา 07:30 น. มีราศีอะไร?,ราศีของผู้ที่เกิดวันที่ 14/03/1990 คือราศีมีน,358,table
การคำนวณดวงชะตาจากวันเกิด 11/10/1992 เวลา 02:45 น. ทำอย่างไร?,การคำนวณดวงชะตาจะต้องใช้วันเกิดและเวลาเกิดในการกำหนดบ้านทั้ง 12 บ้าน,358,table
ราศีของผู้ที่เกิดวันที่ 04/06/2004 เวลา 22:15 น. คืออะไร?,ผู้ที่เกิดวันที่ 04/06/2004 เวลา 22:15 น. มีราศีอยู่ในช่วงราศีเมถุน,359,table
การคำนวณดวงชะตาจากวันเกิด 19/06/1994 เวลา 08:30 น. ทำอย่างไร?,การคำนวณดวงชะตาจากวันเกิดจะใช้ข้อมูลวันเกิดและเวลาเกิดในการวิเคราะห์,359,table
ผู้เกิดวันที่ 24/11/2004 เวลา 15:15 น. มีราศีอะไร?,ราศีของผู้ที่เกิดวันที่ 24/11/2004 คือ ราศีธนู,360,table
การคำนวณลัคณาของผู้ที่เกิดวันที่ 29/08/2004 เวลา 10:00 น. ทำอย่างไร?,การคำนวณลัคณาต้องใช้วันเกิดและเวลาเกิดของผู้ที่เกิด โดยคำนวณตามตำแหน่งของดาวเคราะห์ในช่วงเวลานั้น,360,table
ผู้ที่เกิดวันที่ 08/09/1968 เวลา 01:30 น. มีราศีอะไร?,ราศีของผู้ที่เกิดวันที่ 08/09/1968 เวลา 01:30 น. คือราศีกันย์.,361,table
การคำนวณลัคณาของผู้เกิดวันที่ 10/02/2001 เวลา 03:30 น. ทำอย่างไร?,การคำนวณลัคณาขึ้นอยู่กับวันเกิดและเวลาเกิด ซึ่งในกรณีนี้ต้องใช้เวลาเกิดที่ให้มาร่วมกับวันเกิด.,361,table
ราศีของผู้ที่เกิดวันที่ 14/06/1964 เวลา 00:30 น. คืออะไร?,ผู้ที่เกิดวันที่ 14/06/1964 ตรงกับราศีเมถุน,362,table
การคำนวณลัคณาของผู้เกิดวันที่ 16/07/1991 เวลา 14:15 น. ทำอย่างไร?,การคำนวณลัคณาจะต้องใช้วันเกิดและเวลาเกิดในการคำนวณ ซึ่งจะสามารถให้ข้อมูลลัคณาที่ถูกต้องได้,362,table
ราศีของผู้ที่เกิดวันที่ 01/12/1980 เวลา 14:15 น. คืออะไร?,ผู้ที่เกิดวันที่ 01/12/1980 มีราศีเป็นธนู.,363,table
ผู้ที่เกิดวันที่ 22/12/1998 เวลา 20:45 น. มีลักษณะนิสัยอย่างไร?,ผู้ที่เกิดวันที่ 22/12/1998 มีราศีเป็นมังกร ซึ่งมักมีลักษณะนิสัยที่เข้มแข็งและมุ่งมั่น.,363,table
การคำนวณดวงชะตาจากวันเกิด 03/01/1988 เวลา 20:15 น. ทำอย่างไร?,การคำนวณดวงชะตาจะใช้วันเกิดและเวลาเกิดในการหาบ้านทั้ง 12 บ้าน.,363,table
ลัคณาของผู้เกิดวันที่ 01/12/1980 เวลา 14:15 น. คืออะไร?,ลัคณาเป็นจุดสำคัญในการคำนวณดวงชะตา ซึ่งจะต้องคำนวณจากวันเกิดและเวลาเกิด.,363,table
วันเกิด 04/10/2001 เวลา 06:00 น. ตรงกับราศีอะไร?,ผู้ที่เกิดในวันที่ 04/10/2001 มีราศีตุล.,364,table
การคำนวณดวงชะตาจากวันเกิด 28/09/1960 เวลา 05:45 น. ทำอย่างไร?,การคำนวณดวงชะตาจะใช้วันเกิดและเวลาเกิดในการระบุบ้านทั้ง 12 บ้าน.,364,table
ราศีของผู้ที่เกิดวันที่ 05/07/1955 เวลา 17:15 น. คืออะไร?,ผู้ที่เกิดในวันที่ 05/07/1955 มีราศีคือกรกฎ,365,table
ลัคณาของผู้เกิดวันที่ 07/04/2002 เวลา 15:30 น. คืออะไร?,การคำนวณลัคณาจะต้องใช้เวลาเกิดเพื่อหาลัคณาที่ถูกต้อง,365,table
การคำนวณดวงชะตาจากวันเกิด 05/05/1995 เวลา 00:45 น. ทำอย่างไร?,การคำนวณดวงชะตาจะต้องใช้วันเกิดและเวลาเกิดในการหาบ้านทั้ง 12 บ้าน,365,table
ผู้ที่เกิดวันที่ 05/05/1995 เวลา 00:45 น. มีลักษณะนิสัยของราศีอะไร?,ลักษณะนิสัยของแต่ละราศีสามารถแตกต่างกันไปตามวันเกิด,365,table
ราศีของผู้ที่เกิดวันที่ 15/10/1972 เวลา 00:45 น. คืออะไร?,ผู้ที่เกิดในวันที่ 15/10/1972 เวลา 00:45 น. มีราศีตุล.,366,table
การคำนวณดวงชะตาจากวันเกิด 16/03/1975 เวลา 18:00 น. ทำอย่างไร?,การคำนวณดวงชะตาจากวันเกิดและเวลาเกิดจะใช้ในการกำหนดบ้านทั้ง 12 บ้าน.,366,table
ราศีของผู้ที่เกิดวันที่ 11/01/2001 เวลา 07:30 น. คืออะไร?,ผู้ที่เกิดวันที่ 11/01/2001 จะมีราศีเป็นราศีมังกร,366,table
ลัคณาของผู้เกิดวันที่ 02/04/1976 เวลา 08:30 น. คืออะไร?,การคำนวณลัคณาใช้เวลาเกิดเป็นสำคัญ,366,table
การคำนวณลัคณาจากวันเกิด 20/06/1980 เวลา 23:45 น. ทำอย่างไร?,การคำนวณลัคณาจะต้องใช้วันเกิดและเวลาเกิดในการกำหนดตำแหน่งของดาวเคราะห์ในบ้านต่างๆ ซึ่งมีความสำคัญในการตีความดวงชะตาของบุคคล.,367,table
ราศีของผู้ที่เกิดวันที่ 16/12/1982 เวลา 11:00 น. คืออะไร?,ผู้ที่เกิดในช่วงวันที่ 16 ธันวาคม 1982 ตรงกับราศีธนู.,367,table
ราศีของผู้ที่เกิดวันที่ 07/03/1998 เวลา 04:00 น. คืออะไร?,ผู้ที่เกิดวันที่ 07/03/1998 มีราศีมีน,367,table
การคำนวณดวงชะตาจากวันเกิด 29/11/1994 เวลา 15:30 น. ทำอย่างไร?,การคำนวณดวงชะตาจะใช้วันเกิดและเวลาเกิดในการสร้างแผนภูมิดวงชะตา,367,table
ผู้ที่เกิดวันที่ 18/03/1967 เวลา 12:15 น. มีราศีอะไร?,ราศีของผู้ที่เกิดวันที่ 18/03/1967 คือราศีมีน,368,table
การคำนวณดวงชะตาจากวันเกิด 22/04/1994 เวลา 21:45 น. ทำอย่างไร?,การคำนวณดวงชะตาทำได้โดยใช้วันเกิดและเวลาเกิดเพื่อพิจารณาบ้านทั้ง 12 บ้าน,368,table
ราศีของผู้ที่เกิดวันที่ 08/03/1950 เวลา 19:00 น. คืออะไร?,ผู้ที่เกิดวันที่ 08/03/1950 จะมีราศีมีน.,368,table
การคำนวณลัคณาจากวันเกิด 02/05/1962 เวลา 07:30 น. ทำอย่างไร?,การคำนวณลัคณาจะต้องใช้วันเกิดและเวลาที่แน่นอน.,368,table
ราศีของผู้ที่เกิดวันที่ 13/09/2001 เวลา 11:15 น. คืออะไร?,ราศีของผู้ที่เกิดวันที่ 13/09/2001 คือราศีกันย์,369,table
การคำนวณดวงชะตาจากวันเกิด 09/09/1983 เวลา 12:30 น. ทำอย่างไร?,การคำนวณดวงชะตาจะต้องใช้วันเกิดและเวลาเกิดในการพิจารณา,369,table
ราศีของผู้ที่เกิดวันที่ 09/09/1975 เวลา 15:15 น. คืออะไร?,ราศีของผู้ที่เกิดในวันที่ 09/09 คือราศีกันย์,369,table
การคำนวณลัคณาของผู้เกิดวันที่ 01/12/2004 เวลา 03:00 น. ทำอย่างไร?,การคำนวณลัคณาขึ้นอยู่กับเวลาเกิดและตำแหน่งของดาวในช่วงเวลานั้น,369,table
