question,ground_truth,answer,context,source_page,collection,keyword
คนเกิดวันที่ 12/06/1995 จะมีชีวิตเป็นอย่างไร?,คนเกิดในวันที่ 12/06/1995 มีดาวพุธทำมุมกุมกับดาวพฤหัส ซึ่งทำให้คุณใช้ชีวิตราวกับรู้ว่าอะไรถูกอะไรผิดมาตั้งแต่เกิด โดยไม่มีสิ่งใดที่เป็นกลางๆ เลย คุณให้ความสนใจอย่างล้ำลึกในเรื่องศาสนาและจิตวิญญาณ นอกจากนี้ การทำมุมกุมกับดาวเสาร์ยังทำให้คุณมีความเข้าใจในโครงสร้างและรูปแบบต่างๆ ซึ่งอาจทำให้การยอมรับในหน้าที่การงานของคุณช้าลง แต่การวางแผนที่ละเอียดถี่ถ้วนจะนำมาซึ่งความสำเร็จในที่สุด,คนเกิดในวันที่ 12/06/1995 มีดาวพุธทำมุมกุมกับดาวพฤหัส ซึ่งทำให้คุณใช้ชีวิตราวกับรู้ว่าอะไรถูกอะไรผิดมาตั้งแต่เกิด โดยไม่มีสิ่งใดที่เป็นกลางๆ เลย คุณให้ความสนใจอย่างล้ำลึกในเรื่องศาสนาและจิตวิญญาณ นอกจากนี้ การทำมุมกุมกับดาวเสาร์ยังทำให้คุณมีความเข้าใจในโครงสร้างและรูปแบบต่างๆ ซึ่งอาจทำให้การยอมรับในหน้าที่การงานของคุณช้าลง แต่การวางแผนที่ละเอียดถี่ถ้วนจะนำมาซึ่งความสำเร็จในที่สุด,ดาวพุธทำมุมกุมกับดาวพฤหัส คุณใช้ชีวิตราวกับรู้ว่าอะไร ถูกอะไรผิดมาตั้งแต่เกิด โดยไม่มีอะไรที่เป็นกลางๆ เลยสักอย่าง คุณให้ความสนใจอย่างล้ำลึกในเรื่องศาสนา ประเด็นปัญหาทางจิต วิญญาณ กฎหมาย และการศึกษาเล่าเรียน ดาวพุธทำมุมกุมกับดาวเสาร์ ความเข้าใจที่ติดตัวมาตั้งแต่ ไหนแต่ไรของคุณในเรื่องโครงสร้างและรูปแบบทำให้คุณสามารถ มองเห็นภาพในอนาคตได้อย่างทรงพลังยิ่ง มันอาจถ่วงให้เกิดการ ยอมรับในเรื่องหน้าที่การงานของคุณช้าลง แต่การวางแผนและ มองการณ์ไกลอย่างละเอียดถี่ถ้วนของคุณจะเป็นฝ่ายได้รับชัยชนะ ไปในที่สุด ดาวพุธทำมุมกุมกับดาวมฤตยู ลางสังหรณ์ที่แวบขึ้นมาจะ เปิดโอกาสให้คุณได้รับในสิ่งที่คนอื่นมองข้ามไป แรงบันดาลใจ แบบนี้ทำให้คุณมีทางออกให้กับประเด็นปัญหาในตั้งแต่แรก ดาวพุธทำมุมกุมกับดาวเนปจูน จินตนาการคือส่วนที่เป็น หัวใจและมีความซับซ้อนในชีวิตคุณ คุณอาจเขียนบทกวี แต่ง เพลง หรือนิยายลี้ลับ ซึ่งเป็นช่องทางในการปลดปล่อยมุมสัมพันธ์ นี้ได้อย่างสร้างสรรค์และเป็นประโยชน์ จัดช่องทางให้กับปัจจัยนำเข้าด้านพลังจิตในตัวคุณ เนปจูนคือดวงดาวแห่งความยึดมั่นในอุดมการณ์ และมันจะทำให้,184,original_text_chunks,การงาน
คนเกิดวันที่ 15/05/1990 จะมีความสามารถทางศิลปะและเกี่ยวข้องกับความรักอย่างไร?,สำหรับคนเกิดวันที่ 15/05/1990 ซึ่งอาจมีดาวศุกร์ทำมุมโยคหรือมุมตรีโกณกับดาวเนปจูน ความสามารถทางงานศิลปะของคุณจะสูงมากและจะมีความเห็นอกเห็นใจต่อผู้อื่น นอกจากนี้ คุณจะมีความเข้าใจในเรื่องจิตวิญญาณที่ลึกซึ้ง อีกทั้งยังบ่งบอกถึงความมั่งคั่งร่ำรวยโดยเฉพาะเมื่อมาเกี่ยวข้องกับการทำมุมกุมระหว่างดาวศุกร์หรือดาวอังคารกับดาวพฤหัส ซึ่งช่วยเสริมสร้างความสัมพันธ์ในด้านความรักและทำให้คุณมีเสน่ห์ต่อเพศตรงข้ามเช่นกัน,สำหรับคนเกิดวันที่ 15/05/1990 ซึ่งอาจมีดาวศุกร์ทำมุมโยคหรือมุมตรีโกณกับดาวเนปจูน ความสามารถทางงานศิลปะของคุณจะสูงมากและจะมีความเห็นอกเห็นใจต่อผู้อื่น นอกจากนี้ คุณจะมีความเข้าใจในเรื่องจิตวิญญาณที่ลึกซึ้ง อีกทั้งยังบ่งบอกถึงความมั่งคั่งร่ำรวยโดยเฉพาะเมื่อมาเกี่ยวข้องกับการทำมุมกุมระหว่างดาวศุกร์หรือดาวอังคารกับดาวพฤหัส ซึ่งช่วยเสริมสร้างความสัมพันธ์ในด้านความรักและทำให้คุณมีเสน่ห์ต่อเพศตรงข้ามเช่นกัน,ร่วมงานและได้รับการยกย่องในความสามารถทางงานศิลปะบาง แขนง ดาวศุกร์ทำมุมโยคหรือมุมตรีโกณกับดาวเสาร์ กิจกรรม กับผู้คนในสังคมจะหนีไม่พ้นเรื่องเกี่ยวกับความกังวลทางธุรกิจ ของคุณ คุณเป็นคนตระหนี่ถี่เหนียวแต่ก็ไม่ยากจนขันแค้น และมี โอกาสทองทางธุรกิจมากมายเพื่อสร้างฐานะทางการเงินให้มั่นคง ขึ้น ดาวศุกร์ทำมุมโยคหรือมุมตรีโกณกับดาวมฤตยู คุณมี เสน่ห์ต่อเพศครงข้ามเป็นอย่างมากและเข้าไปเกี่ยวพันกับเรื่องรักๆ ใคร่ๆ ที่พาให้แช่มขื่นใจในหลากหลายรูปแบบ คุณได้ประโยชน์ จากการเข้าไปพัวพันกับคนกลุ่มต่างๆ ซึ่งอาจรวมถึงกลุ่มรับรู้ข้อมูล ข่าวสารทางอีเมลและการจับกลุ่มพูดคุยกันในโลกออนไลน์ ดาวศุกร์ทำมุมโยคหรือมุมตรีโกณกับดาวเนปจูน สิ่งที่ เป็นเครื่องบ่งชี้มุมสัมพันธ์นี้คือความเห็นอกเห็นใจคนอื่น ความ สามารถทางงานศิลปะ และความเข้าใจอย่างลึกซึ้งในเรื่องจิต วิญญาณ มุมสัมพันธ์นี้ยังบ่งบอกถึงความมั่งคั่งร่ำรวยอย่าง มหาศาล โดยเฉพาะอย่างยิ่งเมื่อเกิดร่วมกับการทำมุมกุมระหว่าง ดาวศุกร์หรือดาวอังคารกับดาวพฤหัส ดาวศุกร์ทำมุมโยคหรือมุมตรีโกณกับดาวพลูโต ความรัก คือพาหนะที่พาคุณไปสู่การเปลี่ยนผ่านและก่อกำเนิดขึ้นมาอีกครั้ง,240,original_text_chunks,ความรัก
คนเกิดวันที่ 15/04/1985 เวลา 10:30 จะเป็นอย่างไรเมื่อดาวเสาร์ทำมุมกุมกับดาวพลูโต?,เมื่อดาวเสาร์ทำมุมกุมกับดาวพลูโต พลังงานที่แรงกล้าของดาวพลูโตจะถูกจัดให้เป็นระบบระเบียบผ่านทางดาวเสาร์ ซึ่งจะทำให้คุณแสดงออกถึงความหมายมั่นในใจได้อย่างชัดเจน คุณจะยินดีที่จะแลกมาด้วยการทำงานอย่างหนัก ยาวนาน และไม่ย่อท้อ เพื่อให้บรรลุเป้าหมายที่คุณตั้งไว้,เมื่อดาวเสาร์ทำมุมกุมกับดาวพลูโต พลังงานที่แรงกล้าของดาวพลูโตจะถูกจัดให้เป็นระบบระเบียบผ่านทางดาวเสาร์ ซึ่งจะทำให้คุณแสดงออกถึงความหมายมั่นในใจได้อย่างชัดเจน คุณจะยินดีที่จะแลกมาด้วยการทำงานอย่างหนัก ยาวนาน และไม่ย่อท้อ เพื่อให้บรรลุเป้าหมายที่คุณตั้งไว้,ดาวเสาร์ทำมุมกุมกับดาวพลูโต ด้วยมุมสัมพันธ์ที่ทรงพลัง แบบนี้พลังงานอันแรงกล้าของดาวพลูโตจะถูกจัดให้เป็นระบบ ระเบียบผ่านทางดาวเสาร์ซึ่งทำให้เกิดการแสดงออกอย่างชัดแจ้ง ว่าอะไรคือสิ่งที่เป็นความหมายมั่นในใจคุณทั้งยังเป็นสิ่งที่คุณยินดี จะแลกมาด้วยการทำงานอย่างหนัก ยาวนาน และไม่ย่อท้อ ดาวเสาร์ทำมุมกุมกับราหูเหนือ คุณเป็นคนที่เจริญก้าวหน้าไปใน สภาพแวดล้อมแบบอนุรักษ์นิยมและเดินตามระเบียบวิธีทุกขั้นตอน ถ้ามีราหูใต้อยู่ในทิศทางตรงกันข้าม คุณก็จะต้องหาทางเอาชนะ อคติในใจคุณให้จงได้ ดาวเสาร์ทำมุมกุมกับราหูใต้ คุณเข้มงวดจนไม่เป็นผลดีกับ ตัวคุณเองมันฉุดรั้งคุณไว้ทั้งในทางหน้าที่การงานและเรื่องส่วนตัว จงผ่อนคลายลงสักนิดหรือตัดสินใจให้ได้ว่าคุณกำลังต้องการและ ไขว่คว้าหาอะไร ดาวเสาร์ทำมุมกุมกับลัดนา คุณจริงจังกับการใช้ชีวิต คุณ มีความรับผิดชอบ ขยันขันแข็ง และทำทุกอย่างด้วยความรอบคอบ ระมัดระวัง ดาวเสาร์ทำมุมกุมกับจุดอาทิตย์เที่ยงวัน คุณเดินหน้าไปสู่ ความยิ่งใหญ่แต่ก็ด้วยการทุ่มเททำงานและไม่ย่อท้อเท่านั้น คุณ จะเป็นที่ยอมรับก็ต่อเมื่ออายุเกินสี่สิบไปแล้ว ดาวเสาร์ทำมุมกุมกับจุดอาทิตย์เที่ยงคืน,195,original_text_chunks,การงาน
คนเกิดวันที่ 15/03/1995 จะเป็นอย่างไร?,หากคุณเกิดวันที่ 15/03/1995 คุณมีความเข้าใจอย่างดีเลิศในเรื่องความจำเป็นและความต้องการของคนส่วนใหญ่ ซึ่งส่งผลดีต่อหน้าที่การงานที่คุณทำอยู่ นอกจากนี้ คุณยังชอบมีเพื่อนมากกว่าจะอยู่อย่างสันโดษ และจะพบความอิ่มเอมทางอารมณ์ผ่านทางคนอื่นๆ การทลายแบบแผนเหล่านี้ควรทำไปอย่างนุ่มนวล,หากคุณเกิดวันที่ 15/03/1995 คุณมีความเข้าใจอย่างดีเลิศในเรื่องความจำเป็นและความต้องการของคนส่วนใหญ่ ซึ่งส่งผลดีต่อหน้าที่การงานที่คุณทำอยู่ นอกจากนี้ คุณยังชอบมีเพื่อนมากกว่าจะอยู่อย่างสันโดษ และจะพบความอิ่มเอมทางอารมณ์ผ่านทางคนอื่นๆ การทลายแบบแผนเหล่านี้ควรทำไปอย่างนุ่มนวล,ในใจคุณ หากกำลังหาทางทลายแบบแผนเหล่านี้อยู่ก็จงค่อยๆ ทำ ไปอย่างนุ่มนวล ดวงจันทร์ทำมุมเล็งกับลัคนา คุณมีความเข้าใจอย่างดีเลิศใน เรื่องความจำเป็นและความต้องการของคนส่วนใหญ่ซึ่งส่งผลดี ต่อหน้าที่การงานที่คุณทำอยู่ส่วนใหญ่คุณชอบมีเพื่อนมากกว่าจะ อยู่อย่างสันโดษ โดยจะพบความอิ่มเอมทางอารมณ์ผ่านทางคน อื่นๆ,255,original_text_chunks,การงาน
คนเกิดวันที่ 15/08/1990 จะต้องทำอย่างไรเพื่อให้คนราศีสิงห์รักและไว้วางใจ?,คนเกิดวันที่ 15/08/1990 ควรพยายามหาจุดสมดุลในการสร้างความสัมพันธ์กับคนราศีสิงห์ เพราะเขาต้องการรู้สึกเป็นคนพิเศษอยู่เสมอ คุณควรให้ความสนใจและไม่กดดันเขามากเกินไปเพื่อไม่ให้เขารู้สึกกลัวหรือถอยห่างไปจากคุณ และการแสดงออกถึงความรักอย่างไม่ปลอมก็จะช่วยให้เขารู้สึกได้มากขึ้น,คนเกิดวันที่ 15/08/1990 ควรพยายามหาจุดสมดุลในการสร้างความสัมพันธ์กับคนราศีสิงห์ เพราะเขาต้องการรู้สึกเป็นคนพิเศษอยู่เสมอ คุณควรให้ความสนใจและไม่กดดันเขามากเกินไปเพื่อไม่ให้เขารู้สึกกลัวหรือถอยห่างไปจากคุณ และการแสดงออกถึงความรักอย่างไม่ปลอมก็จะช่วยให้เขารู้สึกได้มากขึ้น,สิงห์โกหกใครไม่เป็น ถ้าถามเขาเป็นการส่วนตัว โอกาสที่จะได้ยิน ความจริงจากปากเขาก็มีไม่น้อยเลย (หรืออาจอ่านเอาจากสีหน้า ของเขาดูก็ได้ แต่ต้องคอยใส่ใจให้ดีๆ ก็แล้วกัน!) คนราศีสิงห์ต้องเชื่อว่ามันเป็นความคิดของเขาที่จะลองคบหากับ คุณดู หากกดดันเขาหนักเกินไป คุณจะทำให้เขากลัว เขาชอบเป็น ผู้ชนะ อยากได้รับรางวัลอยู่ทุกลมหายใจ คุณควรต้องเป็นรางวัลที่ เขาไขว่คว้าหามาได้ คนราศีสิงห์เคยเกี่ยงว่าจะต้องแสดงฝีมือใน การต่อสู้เพื่อให้ได้คุณมา แต่มันก็อาจสุ่มเสี่ยงอยู่บ้างเหมือนกัน เพราะถ้าทำให้ชาวราศีสิงห์ต้องออกแรงมากเกินไป เขาก็จะเดิน จากคุณมาเฉยเลยลึกๆ แล้ว คนราศีสิงห์จะอยากได้ทุกอย่างแต่ยัง ไม่ค่อยแน่ใจว่าตัวเองนั้นมีคำพอ จึงอยากรู้สึกเป็นคนพิเศษอยู่ เสมอแต่ก็ไม่ใช่เรื่องที่ได้มาจากการป้อยออย่างเกินจริง (แต่ถ้าเขา เกิดตกหลุมรักแล้วนั่นก็จะเป็นอีกเรื่องหนึ่งเลย) สิ่งสำคัญที่ขาด ไม่ใด้เลยก็คือการพยายามหาจุดสมดุลให้เจอเพื่อจะทำให้คนราศี สิงห์เกิดความรักและไว้วางใจ -เนื้อคู่ของคนราศีสิงห์ คนราศีอื่นที่เป็นธาตุไฟเหมือนกันคือคนที่เหมาะสมกับคนราศีสิงห์ ซึ่งนั่นก็เป็นเพราะมีพลังงานอยู่ในระดับเดียวกันแท้ๆ,280,original_text_chunks,ความรัก
คนเกิดวันที่ 01/04/1990 จะเป็นอย่างไรเมื่อดาวเสาร์อยู่ในราศีเมษ?,คนเกิดวันที่ 01/04/1990 เมื่อดาวเสาร์อยู่ในราศีเมษ จะต้องรู้จักอดทนและคิดริเริ่ม เนื่องจากสถานการณ์บังคับให้ต้องลดทอนความใจร้อนลง มิฉะนั้นจะมีอุปสรรคขัดขวางเข้ามาในชีวิต อย่างไรก็ตาม การมีดาวเสาร์ในราศีเมษยังนำมาซึ่งความสามารถทางความคิดอ่านอันยิ่งใหญ่ที่สามารถนำไปใช้ในทางที่สร้างสรรค์ได้ แต่อาจต้องระวังการยึดตัวเองเป็นศูนย์กลางและความต้องการปกป้องตัวเองเกินไปด้วย,คนเกิดวันที่ 01/04/1990 เมื่อดาวเสาร์อยู่ในราศีเมษ จะต้องรู้จักอดทนและคิดริเริ่ม เนื่องจากสถานการณ์บังคับให้ต้องลดทอนความใจร้อนลง มิฉะนั้นจะมีอุปสรรคขัดขวางเข้ามาในชีวิต อย่างไรก็ตาม การมีดาวเสาร์ในราศีเมษยังนำมาซึ่งความสามารถทางความคิดอ่านอันยิ่งใหญ่ที่สามารถนำไปใช้ในทางที่สร้างสรรค์ได้ แต่อาจต้องระวังการยึดตัวเองเป็นศูนย์กลางและความต้องการปกป้องตัวเองเกินไปด้วย,ดาวเสาร์คือสิ่งสำคัญต่อคนทุกคนเพราะมันคือเครื่องบ่งชี้ว่าผลกระ ทบกำลังจะไปปรากฏที่ด้านใดในชีวิตคุณ ดาวเสาร์ในราศีเมษ (ตำแหน่งนิจจ์) สถานการณ์บังคับให้ คุณต้องรู้จักอดทนและคิดริเริ่ม คุณต้องลดทอนความใจร้อนของ คุณลง มิฉะนั้นอุปสรรคขัดขวางก็จะผุดขึ้นมา การตกอยู่ใน ตำแหน่งนี้นำมาซึ่งความสามารถทางความคิดอ่านอันยิ่งใหญ่ ซึ่ง หากนำมาใช้ในช่องทางที่สร้างสรรค์ก็อาจนำไปสู่การใช้ความคิด ริเริ่มในเรื่องใหม่ๆ ได้เลย ในด้านมืด คุณอาจเป็นคนยึดตัวเองเป็น ศูนย์กลางและชอบปกป้องตัวเอง ดาวเสาร์ในราศีพฤษภ คุณโหยหาความมั่นคงทางการเงิน และวัตถุ แต่ความสะดวกสบายทางข้าวของเงินทองก็จะได้มาจาก ความขยันหมั่นเพียร ความมีวินัย และความบากบั่นไม่ย่อท้อ เท่านั้นเอง ด้วยเหตุนี้เอง คุณจึงจำเป็นต้องเสริมสร้างความน่า เชื่อถือและความเสมอต้นเสมอปลายในหน้าที่การงานที่คุณได้ เลือกไว้แล้ว ดาวเสาร์ผู้ดื้อรั้น ดาวเสาร์เมื่อมาสถิตในราศีพฤษภจะส่งผลเสียในแง่ทีมันอาจมีค วามดื้อดึงในปัญหาชีวิตทุกอย่าง นั่นคือความต้องการเป็นผู้ถูกต้อง ในทุกเรื่อง มันยังอาจเป็นเรื่องของการหมกมุ่นกับเรื่องและ ข้าวของทางวัตถุของบุคคลนี้อีกด้วย,140,original_text_chunks,การเงิน
คนเกิดวันที่ 15/01/1995 จะเป็นอย่างไรในเรื่องความรักและความมั่นคงทางการเงิน?,คนเกิดในวันที่นี้เป็นคนราศีมกร ซึ่งมักจะมองหาความรักที่มีความภักดี หนักแน่น และทุ่มเทจากคู่ชีวิต หากมีเพื่อนกลุ่มใหญ่แต่ไม่ชื่นชมเขาอย่างเหมาะสม ก็อาจทำให้เขาไม่จริงจังในความสัมพันธ์ ดังนั้น การสนับสนุนในช่วงเวลาที่เขาต้องการจะมีความสำคัญมาก นอกจากนี้ ความมั่นคงทางการเงินก็เป็นสิ่งที่ชาวราศีมกรให้ความสำคัญอย่างมาก ถึงแม้บางคนอาจไม่ได้หาเงินเก่ง แต่ชอบเก็บออม ถ้าคู่ชีวิตใช้เงินฟุ่มเฟือยอาจทำให้เขารู้สึกไม่สบายใจได้ สำหรับความสัมพันธ์ถ้าชาวราศีมกรเริ่มมีความทุกข์ใจ จะมีการแสดงออกเล็กๆ น้อยๆ ให้เห็น ดังนั้นการดูแลและเข้าใจจึงมีความจำเป็นในความรักของเขา.,คนเกิดในวันที่นี้เป็นคนราศีมกร ซึ่งมักจะมองหาความรักที่มีความภักดี หนักแน่น และทุ่มเทจากคู่ชีวิต หากมีเพื่อนกลุ่มใหญ่แต่ไม่ชื่นชมเขาอย่างเหมาะสม ก็อาจทำให้เขาไม่จริงจังในความสัมพันธ์ ดังนั้น การสนับสนุนในช่วงเวลาที่เขาต้องการจะมีความสำคัญมาก นอกจากนี้ ความมั่นคงทางการเงินก็เป็นสิ่งที่ชาวราศีมกรให้ความสำคัญอย่างมาก ถึงแม้บางคนอาจไม่ได้หาเงินเก่ง แต่ชอบเก็บออม ถ้าคู่ชีวิตใช้เงินฟุ่มเฟือยอาจทำให้เขารู้สึกไม่สบายใจได้ สำหรับความสัมพันธ์ถ้าชาวราศีมกรเริ่มมีความทุกข์ใจ จะมีการแสดงออกเล็กๆ น้อยๆ ให้เห็น ดังนั้นการดูแลและเข้าใจจึงมีความจำเป็นในความรักของเขา.,บางอย่างที่สื่อความหมายถึงครอบครัวและอนาคตของเขา และ เขาก็จะก้มหน้าก้มตาทำเรื่องนี้อย่างเอาเป็นเอาตาย -ลูกไม้ที่ใช้อ่อยคนราศีมกร คนราศีมกรอยากได้คนรักที่ภักดี หนักแน่น เข้มแข็ง และทุ่มเท กายใจให้ถ้ามีเพื่อนกลุ่มใหญ่ (อย่างคนราศีกุมภ์) แล้วไม่รู้จัก ชื่นชมคนราศีมกรตามสมควรคุณก็ลืมเรื่องนี้ไปได้เลย คนราศีมกร จำต้องรู้ว่าคุณจะคอยอยู่เคียงข้างในยามที่เขาต้องการ ไม่อย่าง นั้นเขาก็จะเลิกคิดที่จะจริงจังกับคุณในระยะยาว -ความมั่นคงทางการเงิน แน่นอนว่าคนราศีมกรย่อมอยากเป็นคนที่มีความมั่นคงทางอารมณ์ แต่บางทีความมั่นคงทางการเงินก็อาจสำคัญยิ่งกว่านั้นเสียอีก ชาว ราศีมกรใช่ว่าจะหาเงินเก่งไปเสียทุกคน แต่กลับเลื่องชื่อในเรื่อง การเก็บหอมรอมริบเอาไว้ใช้ในยามยากกันทุกราย ในกรณีที่คุณ เป็นคนใช้เงินมือเติบ แต่คู่ชีวิตชาวราศีมกรของคุณกลับไม่ได้เป็น อย่างนั้น ก็จงระวังไว้ให้ดี! เพราะมันจะทำให้คนราศีมกรถึงกับสติ แตกไปได้เลย • ชาวราศีมกรจะถอนตัวจากความสัมพันธ์กับใครสักคนด้วยความ ลำบากใจแม้มันจะเป็นชีวิตคู่ที่ดีเด่นอย่างที่คิดไว้เลยก็ตาม ดังนั้น หากคนราศีมกรเริ่มไม่มีความสุขคุณก็จะสังเกตเห็นคำใบ้เล็กๆ น้อยๆ,325,original_text_chunks,การเงิน
คนเกิดวันที่ 01/04/1990 เวลา 10:00 จะเป็นอย่างไร,คนเกิดในวันที่นี้อยู่ในราศีเมษ ซึ่งมีนิสัยที่ทะเยอทะยานและมีแรงผลักดันไปสู่ความสำเร็จ พวกเขาอาจชอบเถียงและมีอารมณ์ร้อน แต่ก็จะโกรธง่ายหายเร็ว นอกจากนี้ ยังมีความรักและความอบอุ่นให้กับคนที่พวกเขามองเห็นอยู่ในสายตา สตรีราศีเมษมักมีน้ำอดน้ำทนในเกือบทุกสถานการณ์ และเป็นคนที่มีแรงขับดันในการทำงาน โดยมีความสามารถในการริเริ่มและลงมือทำโครงการต่างๆ ได้ดี แต่ไม่ค่อยเก่งในการมองโครงการให้สมบูรณ์ เว้นแต่ว่ามันจะเป็นสิ่งที่พวกเขาเชื่อมั่นอย่างแท้จริง,คนเกิดในวันที่นี้อยู่ในราศีเมษ ซึ่งมีนิสัยที่ทะเยอทะยานและมีแรงผลักดันไปสู่ความสำเร็จ พวกเขาอาจชอบเถียงและมีอารมณ์ร้อน แต่ก็จะโกรธง่ายหายเร็ว นอกจากนี้ ยังมีความรักและความอบอุ่นให้กับคนที่พวกเขามองเห็นอยู่ในสายตา สตรีราศีเมษมักมีน้ำอดน้ำทนในเกือบทุกสถานการณ์ และเป็นคนที่มีแรงขับดันในการทำงาน โดยมีความสามารถในการริเริ่มและลงมือทำโครงการต่างๆ ได้ดี แต่ไม่ค่อยเก่งในการมองโครงการให้สมบูรณ์ เว้นแต่ว่ามันจะเป็นสิ่งที่พวกเขาเชื่อมั่นอย่างแท้จริง,มองไม่เห็นผลลัพธ์ในเวลาอันใกล้ แต่นิสัยนี้จะถูกชดเชยด้วยการ มีความทะเยอทะยานและแรงผลักดันไปสู่ความสำเร็จ พวกเขา อาจเป็นคนชอบเถียง ไม่มีปฏิภาณไหวพริบ และขี้โมโห ในทาง กลับกัน พวกเขาก็จะโกรธง่ายหายเร็ว ทั้งยังมีความรักและความ อบอุ่นให้กับคนที่มองเห็นอยู่ในสายตา -สตรีราศีเมษ อย่าไปลองดีหรือยั่วโมโหสตรีราศีเมษเป็นอันขาด เพราะจะทำให้ เธอจำฝังใจและไม่มาให้คุณเห็นหน้าอีกต่อไป เธอจะหันไปทุ่มเท กายใจให้กับคนหรือสิ่งอื่นถ้าเกิดไปเกี่ยวดองกับสตรีราศีเมษเข้า มันก็ควรเป็นความสัมพันธ์ที่จัดว่าดีระดับหนึ่ง มิฉะนั้นเธอก็จะไม่มัว มาเสียเวลาอยู่กับคุณ สตรีราศีนี้จะไม่เป็นฝ่ายทนให้คุณเหยียด เพศ ในเรื่องหน้าที่การงาน เธอคือคนที่มีแรงขับดันอยู่ในตัว โดย จะตั้งเป้าและพยายามทำให้ได้ตามนั้นด้วยการทุ่มเทแรงกายอย่าง สุดกำลัง เธอเป็นเลิศในเรื่อง การริเริ่มทำโครงการ นำเสนอไอเดีย และลงมือทำให้เห็นผล แต่กลับไม่ค่อยเก่งในการมองโครงการ หรือแนวคิดให้ตลอดรอดฝั่ง เว้นแต่ว่ามันจะเป็นสิ่งที่เธอเชื่อมั่น อย่างหัวปักหัวปำ เธอมีน้ำอดน้ำทนในเกือบทุกสถานการณ์และ สามารถต่อกรกับชายผู้เป็นแนวหน้าในวงการนั้นๆ ได้อย่างสบาย มือ,40,original_text_chunks,การงาน
คนเกิดวันที่ 05/04/1991 เวลา 10:30 จะมีฐานะทางการเงินเป็นอย่างไร?,สำหรับคนที่เกิดในวันที่ 05/04/1991 ซึ่งเป็นราศีเมษ ดาวเสาร์จะควบคุมฐานะทางการเงินของคุณ ดาวเสาร์มักรับผิดชอบการหาเงินอย่างสม่ำเสมอ นั่นหมายความว่าคุณมีแนวโน้มที่จะมีการเงินที่มั่นคงเมื่อเวลาผ่านไป แต่ควรระมัดระวังในการใช้จ่ายเพื่อที่จะเก็บออมเงินได้ดียิ่งขึ้น,สำหรับคนที่เกิดในวันที่ 05/04/1991 ซึ่งเป็นราศีเมษ ดาวเสาร์จะควบคุมฐานะทางการเงินของคุณ ดาวเสาร์มักรับผิดชอบการหาเงินอย่างสม่ำเสมอ นั่นหมายความว่าคุณมีแนวโน้มที่จะมีการเงินที่มั่นคงเมื่อเวลาผ่านไป แต่ควรระมัดระวังในการใช้จ่ายเพื่อที่จะเก็บออมเงินได้ดียิ่งขึ้น,"ในขณะที่ดาวเสาร์มักรับผิดชอบการหาเงินอย่างสม่ำเสมอเมื่อเวลา ผ่านไปดาวศุกร์จะเชื่อมโยงอย่างแนบแน่นกับความสามารถในการ เก็บออมเงินของคุณ นั่นเท่ากับว่าดาวดวงไหนก็อาจส่งผลกระทบ ต่อเรื่องเงินๆ ทองๆ ของตัวคุณได้พอๆกับแนวโน้มทางการตลาด ขึ้นอยู่กับว่ามีลัคนาเป็นราศีอะไร ดาวดวงคือผู้ควบคุมเรื่องเงินๆ ทองๆ สำหรับเรือนชะตาต่างๆ • ดาวเสาร์ควบคุมฐานะทางการเงินของราศีเมษและราศีมีน • ดาวพฤหัสควบคุมฐานะทางการเงินของราศีพฤษภและราศีกุมภ์ • ดาวศุกร์ควบคุมฐานะทางการเงินของราศีกรกฎและราศีธนู • ดาวพุธควบคุมฐานะทางการเงินของราศีสิงห์และราศีพิจิก • ดาวอังคารควบคุมฐานะทางการเงินของราศีมิถุนและราศีมกร • ดวงจันทร์ควบคุมฐานะทางการเงินของราศีกันย์ • ดวงอาทิตย์ควบคุมฐานะทางการเงินของราศีตุล ในกรณีนี้ ""การควบคุม"" จะหมายถึงการ ""มีอิทธิพลเหนือ"" ซึ่งอาจ เป็นทั้งแง่ลบหรือบวกก็ได้ -วิชาโหราศาสตร์กับธุรกิจ โหราศาสตร์ยังทำให้เราเข้าใจเรื่องการค้าและธุรกิจได้อีกด้วย วิชา โหราศาสตร์ของคนอินเดีย (บางครั้งยังรู้จักกันในชื่อ Vedic Astrology) จะเน้นย้ำเป็นอย่างมากในเรื่องอิทธิพลที่โหราศาสตร์ มีต่อการค้าขายและเรื่องเงินๆ ทองๆ",345,original_text_chunks,การเงิน
คนเกิดวันที่ 10/02/1995 จะเป็นอย่างไรในเรื่องงานและการเงิน?,คนราศีกุมภ์ที่เกิดในวันที่ 10/02/1995 จะทำงานได้ดีในงานที่เป็นเรื่องใหม่ๆ และก้าวล้ำนำยุค เช่น ภาพยนตร์ ศิลปะ หรือการศึกษาเรื่องแปลกใหม่ทางอิเล็กทรอนิกส์ คอมพิวเตอร์ หรือจิตวิทยา รวมถึงการใช้พลังจิตและญาณทิพย์ได้ในบางครั้ง ส่วนในเรื่องการเงิน พวกเขามักมีใจเอื้อเฟื้อเผื่อแผ่ต่อครอบครัว แต่ความมั่งคั่งที่สะสมได้จะไม่สำคัญเท่ากับเสรีภาพที่พวกเขาพึงมี,คนราศีกุมภ์ที่เกิดในวันที่ 10/02/1995 จะทำงานได้ดีในงานที่เป็นเรื่องใหม่ๆ และก้าวล้ำนำยุค เช่น ภาพยนตร์ ศิลปะ หรือการศึกษาเรื่องแปลกใหม่ทางอิเล็กทรอนิกส์ คอมพิวเตอร์ หรือจิตวิทยา รวมถึงการใช้พลังจิตและญาณทิพย์ได้ในบางครั้ง ส่วนในเรื่องการเงิน พวกเขามักมีใจเอื้อเฟื้อเผื่อแผ่ต่อครอบครัว แต่ความมั่งคั่งที่สะสมได้จะไม่สำคัญเท่ากับเสรีภาพที่พวกเขาพึงมี,• ตักกลาส แม็กอาเธอร์ · แฮงค์ อารอน • ลานา เทอร์เนอร์ · โอปราห์ วินฟรีย์ • ปารีส ฮิลตัน • ชาคีรา · ไซมอน เพกก์ · โยโกะ โอโน -หน้าที่การงาน ชาวราศีกุมภ์ทำงานได้ดีในงานที่เป็นเรื่องใหม่ๆ และก้าวล้ำนำยุค อันได้แก่ ภาพยนตร์ ศิลปะ งานศึกษาวิจัยเรื่องแปลกใหม่ทาง อิเล็กทรอนิกส์ คอมพิวเตอร์ หรือจิตวิทยา หลายคนมีพรสวรรค์ ดั้งเดิมทางการใช้พลังจิตจนอาจพัฒนาไปเป็นการมีญาณทิพย์ การมองเห็นจากแดนไกล และการหยั่งรู้อนาคต และส่วนใหญ่มัก เป็นเรื่องที่ต้องใช้ลางสังหรณ์ องค์ประกอบหลักที่พวกเขามองหา ในงานคือ ความมีอิสระเสรี -การเงิน คนราศีกุมภ์มีใจเอื้อเฟื้อเผื่อแผ่ต่อคนในครอบครัวและคนที่เขารัก และความเห็นอกเห็นใจแบบนั้นจะแผ่ขยายไปยังระดับมวล มนุษยชาติด้วยเช่นกัน พวกเขาอาจซุกซ่อนเงินเอาไว้ แต่ความ มั่งคั่งที่สะสมได้จะไม่ใช่เรื่องใหญ่เท่าเสรีภาพที่พวกเขาพึงมี -ความเชื่อทางจิตวิญญาณ นิสัยชอบปฏิวัติของคนราศีนี้ย่อมขยับขยายไปถึงเรื่องทางจิต วิญญาณด้วยอย่างแน่นอน แม้คนราศีกุมภ์จะเกิดมาในครอบครัวที่,85,original_text_chunks,การเงิน
